{
  "ID" : "20",
  "STATE" : "AVAILABLE",
  "LOC_X" : 127.86777702645217,
  "LOC_Y" : -24.57851450935485,
  "DIR_X" : 0.9484338429056436,
  "DIR_Y" : -0.3169751498638862,
  "SPEED" : 1.0,
  "BATTERY" : 99
}