{
  "ID" : "20",
  "STATE" : "AVAILABLE",
  "LOC_X" : 144.24134556453225,
  "LOC_Y" : -32.993374610468074,
  "DIR_X" : 0.9600396350411289,
  "DIR_Y" : -0.2798640726318692,
  "SPEED" : 1.0,
  "BATTERY" : 93
}