{
  "ID" : "20",
  "STATE" : "AVAILABLE",
  "LOC_X" : 26.70639428458427,
  "LOC_Y" : -9.048493066947028,
  "DIR_X" : 0.875723433470984,
  "DIR_Y" : -0.48281307777419513,
  "SPEED" : 1.0,
  "BATTERY" : 100
}