{
  "ID" : "30",
  "STATE" : "AVAILABLE",
  "LOC_X" : 1.960480642964844,
  "LOC_Y" : 0.27834678817949343,
  "DIR_X" : 0.9595977805674364,
  "DIR_Y" : 0.28137537122152384,
  "SPEED" : 1.0,
  "BATTERY" : 98
}