{
  "ID" : "30",
  "STATE" : "AVAILABLE",
  "LOC_X" : -32.79906460252266,
  "LOC_Y" : 44.057662185373,
  "DIR_X" : -0.8310648273453729,
  "DIR_Y" : 0.5561755592880775,
  "SPEED" : 1.0,
  "BATTERY" : 100
}