{
  "ID" : "aaa",
  "STATE" : "AVAILABLE",
  "LOC_X" : 131.88701902734184,
  "LOC_Y" : 65.95396656295107,
  "DIR_X" : 0.9918051232878526,
  "DIR_Y" : -0.12775992102364386,
  "SPEED" : 1.0,
  "BATTERY" : 100
}