{
  "ID" : "aaa",
  "STATE" : "AVAILABLE",
  "LOC_X" : 115.06001072442531,
  "LOC_Y" : 117.02312167228132,
  "DIR_X" : 0.8395893983481914,
  "DIR_Y" : 0.54322154060873,
  "SPEED" : 1.0,
  "BATTERY" : 98
}