{
  "ID" : "jjsgfiudl",
  "STATE" : "AVAILABLE",
  "LOC_X" : 63.818294450835985,
  "LOC_Y" : 121.03027180749397,
  "DIR_X" : -0.779742224933144,
  "DIR_Y" : 0.6261006809262472,
  "SPEED" : 1.0,
  "BATTERY" : 100
}